ooxp_v9m_narsinew_251806346041127_prereportready,
ooxp_v9m_narsinew_251816186800025_prereportready,
ooxp_v9m_narsinew_251861050362558_prereportready,
ooxp_v9m_narsinew_251861051045503_prereportready,
ooxp_v9m_narsinew_251863391206661_prereportready,
ooxp_v9m_narsinew_251866745811616_prereportready,
ooxp_v9m_narsinew_251870465162598_prereportready,
ooxp_v9m_narsinew_251870467520764_prereportready,
ooxp_v9m_narsinew_251870641887247_prereportready,
ooxp_v9m_narsinew_251870642489150_prereportready,
ooxp_v9m_narsinew_251870647023518_prereportready,
ooxp_v9m_narsinew_251870648402658_prereportready,
ooxp_v9m_narsinew_251870652883531_prereportready,
ooxp_v9m_narsinew_251870726533284_prereportready,
ooxp_v9m_narsinew_251870726938966_prereportready,
ooxp_v9m_narsinew_251870727264008_prereportready,
ooxp_v9m_narsinew_251870727482435_prereportready,
ooxp_v9m_narsinew_251871079120376_prereportready,
ooxp_v9m_narsinew_251871155165350_prereportready,
ooxp_v9m_narsinew_251871947980366_prereportready,
ooxp_v9m_narsinew_251872199326099_prereportready,
ooxp_v9m_narsinew_251872200730223_prereportready,
ooxp_v9m_narsinew_2db533e0_dc29_11e8_ae23_e34f8b6824f8_251861049558313_postreportready,
ooxp_v9m_narsinew_2db533e0_dc29_11e8_ae23_e34f8b6824f8_251863999781516_postreportready,
ooxp_v9m_narsinew_4a080e00_9ef8_11e8_9513_8592c22958bd_251870391094402_postreportready,
ooxp_v9m_narsinew_faa3ff50_9190_11e8_ba52_136adbd8430e_251866745487479_postreportready,
ooxp_v9m_narsinew_fab71220_9190_11e8_ba52_136adbd8430e_251816163323349_postreportready,
ooxp_v9m_narsinew_fab71220_9190_11e8_ba52_136adbd8430e_251870464970015_postreportready,
ooxp_v9m_narsinew_fab71220_9190_11e8_ba52_136adbd8430e_251870467348558_postreportready,
ooxp_v9m_narsinew_fab71220_9190_11e8_ba52_136adbd8430e_251870648168878_postreportready,
ooxp_v9m_narsinew_fab71220_9190_11e8_ba52_136adbd8430e_251870651166145_postreportready