ooxp_v9m_narsinew_18be1f90_a52b_11e8_9513_8592c22958bd_adjustments,
ooxp_v9m_narsinew_1a2b37f0_9bc6_11e8_9513_8592c22958bd_adjustments,
ooxp_v9m_narsinew_1feccac0_9fb1_11e8_9513_8592c22958bd_adjustments,
ooxp_v9m_narsinew_2179ca60_93df_11e8_ba52_136adbd8430e_adjustments,
ooxp_v9m_narsinew_251805825222757_prereportready,
ooxp_v9m_narsinew_251805845403892_prereportready,
ooxp_v9m_narsinew_251805848714371_prereportready,
ooxp_v9m_narsinew_251805849610370_prereportready,
ooxp_v9m_narsinew_251805910232206_prereportready,
ooxp_v9m_narsinew_251805915641405_prereportready,
ooxp_v9m_narsinew_251805915942062_prereportready,
ooxp_v9m_narsinew_251805920849296_prereportready,
ooxp_v9m_narsinew_251805922617212_prereportready,
ooxp_v9m_narsinew_251805924392465_prereportready,
ooxp_v9m_narsinew_251805927452145_prereportready,
ooxp_v9m_narsinew_251805927760628_prereportready,
ooxp_v9m_narsinew_251805928248811_prereportready,
ooxp_v9m_narsinew_251805928475900_prereportready,
ooxp_v9m_narsinew_251805929246321_prereportready,
ooxp_v9m_narsinew_251805930347719_prereportready,
ooxp_v9m_narsinew_251805935840133_prereportready,
ooxp_v9m_narsinew_251805936094201_prereportready,
ooxp_v9m_narsinew_251805939844347_prereportready,
ooxp_v9m_narsinew_251805940664879_prereportready,
ooxp_v9m_narsinew_251805941922859_prereportready,
ooxp_v9m_narsinew_251806009613280_prereportready,
ooxp_v9m_narsinew_251806269668759_prereportready,
ooxp_v9m_narsinew_251806279028761_prereportready,
ooxp_v9m_narsinew_251806279220216_prereportready,
ooxp_v9m_narsinew_251806279311442_prereportready,
ooxp_v9m_narsinew_251806286519274_prereportready,
ooxp_v9m_narsinew_251806288762925_prereportready,
ooxp_v9m_narsinew_251806344076442_prereportready,
ooxp_v9m_narsinew_251806346041127_prereportready,
ooxp_v9m_narsinew_251816186800025_prereportready,
ooxp_v9m_narsinew_251859578042819_prereportready,
ooxp_v9m_narsinew_251861049558313_activemonitor,
ooxp_v9m_narsinew_251861050362558_prereportready,
ooxp_v9m_narsinew_251861051045503_prereportready,
ooxp_v9m_narsinew_251861051112701_prereportready,
ooxp_v9m_narsinew_251863391206661_prereportready,
ooxp_v9m_narsinew_251863999781516_activemonitor,
ooxp_v9m_narsinew_251866745811616_prereportready,
ooxp_v9m_narsinew_251870044116837_prereportready,
ooxp_v9m_narsinew_251870464659203_prereportready,
ooxp_v9m_narsinew_251870465162598_prereportready,
ooxp_v9m_narsinew_251870467149541_prereportready,
ooxp_v9m_narsinew_251870467520764_prereportready,
ooxp_v9m_narsinew_251870641887247_prereportready,
ooxp_v9m_narsinew_251870642489150_prereportready,
ooxp_v9m_narsinew_251870642908368_prereportready,
ooxp_v9m_narsinew_251870647023518_prereportready,
ooxp_v9m_narsinew_251870647985733_prereportready,
ooxp_v9m_narsinew_251870648402658_prereportready,
ooxp_v9m_narsinew_251870648878849_prereportready,
ooxp_v9m_narsinew_251870649893532_prereportready,
ooxp_v9m_narsinew_251870650922889_prereportready,
ooxp_v9m_narsinew_251870652883531_prereportready,
ooxp_v9m_narsinew_251870726533284_prereportready,
ooxp_v9m_narsinew_251870726938966_prereportready,
ooxp_v9m_narsinew_251870727264008_prereportready,
ooxp_v9m_narsinew_251870727482435_prereportready,
ooxp_v9m_narsinew_251870735445282_prereportready,
ooxp_v9m_narsinew_251871079120376_prereportready,
ooxp_v9m_narsinew_251871155165350_prereportready,
ooxp_v9m_narsinew_251871947980366_prereportready,
ooxp_v9m_narsinew_251872199326099_prereportready,
ooxp_v9m_narsinew_251872200730223_prereportready,
ooxp_v9m_narsinew_275d85a0_a156_11e8_9513_8592c22958bd_adjustments,
ooxp_v9m_narsinew_2db533e0_dc29_11e8_ae23_e34f8b6824f8_251861049558313_postreportready,
ooxp_v9m_narsinew_2db533e0_dc29_11e8_ae23_e34f8b6824f8_251863999781516_postreportready,
ooxp_v9m_narsinew_33256f70_9b15_11e8_9513_8592c22958bd_adjustments,
ooxp_v9m_narsinew_47c347b0_9fb4_11e8_9513_8592c22958bd_adjustments,
ooxp_v9m_narsinew_4a080e00_9ef8_11e8_9513_8592c22958bd_251870391094402_postreportready,
ooxp_v9m_narsinew_84a1bda0_9fa6_11e8_9513_8592c22958bd_adjustments,
ooxp_v9m_narsinew_a32f3ad0_e884_11ea_ae22_f328fa2fcd28_adjustments,
ooxp_v9m_narsinew_bf5ad7c0_9190_11e8_ba52_136adbd8430e_adjustments,
ooxp_v9m_narsinew_c398d870_a15b_11e8_9513_8592c22958bd_adjustments,
ooxp_v9m_narsinew_e40904c0_8ee6_11ea_989a_4951bf95526c_adjustments,
ooxp_v9m_narsinew_e761f780_9fbe_11e8_9513_8592c22958bd_adjustments,
ooxp_v9m_narsinew_e95eda30_f6f8_11e8_952e_95dc5b38114f_adjustments,
ooxp_v9m_narsinew_faa3ff50_9190_11e8_ba52_136adbd8430e_251866745487479_postreportready,
ooxp_v9m_narsinew_fab71220_9190_11e8_ba52_136adbd8430e_251816163323349_postreportready,
ooxp_v9m_narsinew_fab71220_9190_11e8_ba52_136adbd8430e_251816167875899_postreportready,
ooxp_v9m_narsinew_fab71220_9190_11e8_ba52_136adbd8430e_251816186173673_postreportready,
ooxp_v9m_narsinew_fab71220_9190_11e8_ba52_136adbd8430e_251855337401922_postreportready,
ooxp_v9m_narsinew_fab71220_9190_11e8_ba52_136adbd8430e_251859577869219_postreportready,
ooxp_v9m_narsinew_fab71220_9190_11e8_ba52_136adbd8430e_251859578254557_postreportready,
ooxp_v9m_narsinew_fab71220_9190_11e8_ba52_136adbd8430e_251861049734550_postreportready,
ooxp_v9m_narsinew_fab71220_9190_11e8_ba52_136adbd8430e_251865886155652_postreportready,
ooxp_v9m_narsinew_fab71220_9190_11e8_ba52_136adbd8430e_251865887499455_postreportready,
ooxp_v9m_narsinew_fab71220_9190_11e8_ba52_136adbd8430e_251865887824971_postreportready,
ooxp_v9m_narsinew_fab71220_9190_11e8_ba52_136adbd8430e_251865888225909_postreportready,
ooxp_v9m_narsinew_fab71220_9190_11e8_ba52_136adbd8430e_251865888342775_postreportready,
ooxp_v9m_narsinew_fab71220_9190_11e8_ba52_136adbd8430e_251869873942394_postreportready,
ooxp_v9m_narsinew_fab71220_9190_11e8_ba52_136adbd8430e_251870043847386_postreportready,
ooxp_v9m_narsinew_fab71220_9190_11e8_ba52_136adbd8430e_251870461314115_postreportready,
ooxp_v9m_narsinew_fab71220_9190_11e8_ba52_136adbd8430e_251870464970015_postreportready,
ooxp_v9m_narsinew_fab71220_9190_11e8_ba52_136adbd8430e_251870466857518_postreportready,
ooxp_v9m_narsinew_fab71220_9190_11e8_ba52_136adbd8430e_251870467348558_postreportready,
ooxp_v9m_narsinew_fab71220_9190_11e8_ba52_136adbd8430e_251870600158850_postreportready,
ooxp_v9m_narsinew_fab71220_9190_11e8_ba52_136adbd8430e_251870641698541_postreportready,
ooxp_v9m_narsinew_fab71220_9190_11e8_ba52_136adbd8430e_251870642317558_postreportready,
ooxp_v9m_narsinew_fab71220_9190_11e8_ba52_136adbd8430e_251870643331563_postreportready,
ooxp_v9m_narsinew_fab71220_9190_11e8_ba52_136adbd8430e_251870647814088_postreportready,
ooxp_v9m_narsinew_fab71220_9190_11e8_ba52_136adbd8430e_251870648168878_postreportready,
ooxp_v9m_narsinew_fab71220_9190_11e8_ba52_136adbd8430e_251870649586250_postreportready,
ooxp_v9m_narsinew_fab71220_9190_11e8_ba52_136adbd8430e_251870649729536_postreportready,
ooxp_v9m_narsinew_fab71220_9190_11e8_ba52_136adbd8430e_251870650328240_postreportready,
ooxp_v9m_narsinew_fab71220_9190_11e8_ba52_136adbd8430e_251870650585882_postreportready,
ooxp_v9m_narsinew_fab71220_9190_11e8_ba52_136adbd8430e_251870650760831_postreportready,
ooxp_v9m_narsinew_fab71220_9190_11e8_ba52_136adbd8430e_251870651166145_postreportready,
ooxp_v9m_narsinew_fab71220_9190_11e8_ba52_136adbd8430e_251870651309834_postreportready,
ooxp_v9m_narsinew_fab71220_9190_11e8_ba52_136adbd8430e_251870651881632_postreportready,
ooxp_v9m_narsinew_fab71220_9190_11e8_ba52_136adbd8430e_251870652337263_postreportready,
ooxp_v9m_narsinew_fab71220_9190_11e8_ba52_136adbd8430e_251870652526510_postreportready,
ooxp_v9m_narsinew_fab71220_9190_11e8_ba52_136adbd8430e_251870713071363_postreportready,
ooxp_v9m_narsinew_fab71220_9190_11e8_ba52_136adbd8430e_251870713250697_postreportready,
ooxp_v9m_narsinew_fab71220_9190_11e8_ba52_136adbd8430e_251870718484606_postreportready,
ooxp_v9m_narsinew_fab71220_9190_11e8_ba52_136adbd8430e_251870720161960_postreportready,
ooxp_v9m_narsinew_fab71220_9190_11e8_ba52_136adbd8430e_251871069127696_postreportready,
ooxp_v9m_narsinew_fab71220_9190_11e8_ba52_136adbd8430e_251871069299797_postreportready,
ooxp_v9m_narsinew_fab71220_9190_11e8_ba52_136adbd8430e_251872199986300_postreportready,
ooxp_v9m_narsinew_fc1e6080_9be7_11e8_9513_8592c22958bd_adjustments,
